{
  "samples": 256,
  "real_image_loss": 4.948540054261684,
  "zero_image_loss": 5.261100694537163,
  "shuffled_image_loss": 5.2632211446762085,
  "zero_minus_real": 0.31256064027547836,
  "shuffled_minus_real": 0.3146810904145241,
  "uses_visual_signal": true,
  "uses_matched_visual_semantics": true
}
